pid,origin_id,origin_name,dest_id,dest_name,path,travel_time
5,Z_51305_STOP,Z_51305_STOP,Z_54632_STOP,Z_54632_STOP,Z_51305_STOP -> Z_51279_STOP -> Z_51358_STOP -> Z_51355_STOP -> Z_51465_STOP -> Z_51352_STOP -> Z_51349_STOP -> Z_51346_STOP -> Z_53144_STOP -> Z_52358_STOP -> Z_52734_STOP -> Z_52421_STOP -> Z_52268_STOP -> Z_52267_STOP -> Z_52925_STOP -> Z_52309_STOP -> Z_52639_STOP -> Z_53720_STOP -> Z_53719_STOP -> Z_54430_STOP -> Z_54406_STOP -> Z_54401_STOP -> Z_53715_STOP -> Z_53755_STOP -> Z_53758_STOP -> Z_54647_STOP -> Z_54645_STOP -> Z_54319_STOP -> Z_54632_STOP,56
39,Z_51195_STOP,Z_51195_STOP,Z_54513_STOP,Z_54513_STOP,Z_51195_STOP -> Z_52068_STOP -> Z_51344_STOP -> Z_51261_STOP -> Z_51342_STOP -> Z_51259_STOP -> Z_51081_STOP -> Z_52530_STOP -> Z_51069_STOP -> Z_51178_STOP -> Z_54722_STOP -> Z_54455_STOP -> Z_54687_STOP -> Z_54301_STOP -> Z_54292_STOP -> Z_54288_STOP -> Z_54304_STOP -> Z_54684_STOP -> Z_55845_STOP -> Z_55846_STOP -> Z_54662_STOP -> Z_54663_STOP -> Z_55111_STOP -> Z_54664_STOP -> Z_55004_STOP -> Z_54682_STOP -> Z_55003_STOP -> Z_54671_STOP -> Z_54673_STOP -> Z_55114_STOP -> Z_54527_STOP -> Z_54513_STOP,inf
25,Z_51195_STOP,Z_51195_STOP,Z_54513_STOP,Z_54513_STOP,Z_51195_STOP -> Z_52068_STOP -> Z_51344_STOP -> Z_51261_STOP -> Z_51342_STOP -> Z_51259_STOP -> Z_51081_STOP -> Z_52530_STOP -> Z_51069_STOP -> Z_51178_STOP -> Z_54722_STOP -> Z_54455_STOP -> Z_54687_STOP -> Z_54301_STOP -> Z_54292_STOP -> Z_54288_STOP -> Z_54304_STOP -> Z_54684_STOP -> Z_55845_STOP -> Z_55846_STOP -> Z_54662_STOP -> Z_54663_STOP -> Z_55111_STOP -> Z_54664_STOP -> Z_55004_STOP -> Z_54682_STOP -> Z_55003_STOP -> Z_54671_STOP -> Z_54673_STOP -> Z_55114_STOP -> Z_54527_STOP -> Z_54513_STOP,inf
37,Z_51195_STOP,Z_51195_STOP,Z_54513_STOP,Z_54513_STOP,Z_51195_STOP -> Z_52068_STOP -> Z_51344_STOP -> Z_51261_STOP -> Z_51342_STOP -> Z_51259_STOP -> Z_51081_STOP -> Z_52530_STOP -> Z_51069_STOP -> Z_51178_STOP -> Z_54722_STOP -> Z_54455_STOP -> Z_54687_STOP -> Z_54301_STOP -> Z_54292_STOP -> Z_54288_STOP -> Z_54304_STOP -> Z_54684_STOP -> Z_55845_STOP -> Z_55846_STOP -> Z_54662_STOP -> Z_54663_STOP -> Z_55111_STOP -> Z_54664_STOP -> Z_55004_STOP -> Z_54682_STOP -> Z_55003_STOP -> Z_54671_STOP -> Z_54673_STOP -> Z_55114_STOP -> Z_54527_STOP -> Z_54513_STOP,inf
46,Z_51863_STOP,Z_51863_STOP,Z_52313_STOP,Z_52313_STOP,Z_51863_STOP -> Z_51862_STOP -> Z_51837_STOP -> Z_52151_STOP -> Z_51089_STOP -> Z_51118_STOP -> Z_52303_STOP -> Z_52532_STOP -> Z_52262_STOP -> Z_53007_STOP -> Z_52263_STOP -> Z_52313_STOP,41
21,Z_51195_STOP,Z_51195_STOP,Z_54513_STOP,Z_54513_STOP,Z_51195_STOP -> Z_52068_STOP -> Z_51344_STOP -> Z_51261_STOP -> Z_51342_STOP -> Z_51259_STOP -> Z_51081_STOP -> Z_52530_STOP -> Z_51069_STOP -> Z_51178_STOP -> Z_54722_STOP -> Z_54455_STOP -> Z_54687_STOP -> Z_54301_STOP -> Z_54292_STOP -> Z_54288_STOP -> Z_54304_STOP -> Z_54684_STOP -> Z_55845_STOP -> Z_55846_STOP -> Z_54662_STOP -> Z_54663_STOP -> Z_55111_STOP -> Z_54664_STOP -> Z_55004_STOP -> Z_54682_STOP -> Z_55003_STOP -> Z_54671_STOP -> Z_54673_STOP -> Z_55114_STOP -> Z_54527_STOP -> Z_54513_STOP,inf
23,Z_51195_STOP,Z_51195_STOP,Z_54513_STOP,Z_54513_STOP,Z_51195_STOP -> Z_52068_STOP -> Z_51344_STOP -> Z_51261_STOP -> Z_51342_STOP -> Z_51259_STOP -> Z_51081_STOP -> Z_52530_STOP -> Z_51069_STOP -> Z_51178_STOP -> Z_54722_STOP -> Z_54455_STOP -> Z_54687_STOP -> Z_54301_STOP -> Z_54292_STOP -> Z_54288_STOP -> Z_54304_STOP -> Z_54684_STOP -> Z_55845_STOP -> Z_55846_STOP -> Z_54662_STOP -> Z_54663_STOP -> Z_55111_STOP -> Z_54664_STOP -> Z_55004_STOP -> Z_54682_STOP -> Z_55003_STOP -> Z_54671_STOP -> Z_54673_STOP -> Z_55114_STOP -> Z_54527_STOP -> Z_54513_STOP,inf
35,Z_51195_STOP,Z_51195_STOP,Z_54513_STOP,Z_54513_STOP,Z_51195_STOP -> Z_52068_STOP -> Z_51344_STOP -> Z_51261_STOP -> Z_51342_STOP -> Z_51259_STOP -> Z_51081_STOP -> Z_52530_STOP -> Z_51069_STOP -> Z_51178_STOP -> Z_54722_STOP -> Z_54455_STOP -> Z_54687_STOP -> Z_54301_STOP -> Z_54292_STOP -> Z_54288_STOP -> Z_54304_STOP -> Z_54684_STOP -> Z_55845_STOP -> Z_55846_STOP -> Z_54662_STOP -> Z_54663_STOP -> Z_55111_STOP -> Z_54664_STOP -> Z_55004_STOP -> Z_54682_STOP -> Z_55003_STOP -> Z_54671_STOP -> Z_54673_STOP -> Z_55114_STOP -> Z_54527_STOP -> Z_54513_STOP,inf
19,Z_51305_STOP,Z_51305_STOP,Z_54632_STOP,Z_54632_STOP,Z_51305_STOP -> Z_51279_STOP -> Z_51358_STOP -> Z_51355_STOP -> Z_51465_STOP -> Z_51352_STOP -> Z_51349_STOP -> Z_51346_STOP -> Z_53144_STOP -> Z_52358_STOP -> Z_52734_STOP -> Z_52421_STOP -> Z_52268_STOP -> Z_52267_STOP -> Z_52925_STOP -> Z_52309_STOP -> Z_52639_STOP -> Z_53720_STOP -> Z_53719_STOP -> Z_54430_STOP -> Z_54406_STOP -> Z_54401_STOP -> Z_53715_STOP -> Z_53755_STOP -> Z_53758_STOP -> Z_54647_STOP -> Z_54645_STOP -> Z_54319_STOP -> Z_54632_STOP,inf
53,Z_51863_STOP,Z_51863_STOP,Z_52313_STOP,Z_52313_STOP,Z_51863_STOP -> Z_51862_STOP -> Z_51837_STOP -> Z_52151_STOP -> Z_51089_STOP -> Z_51118_STOP -> Z_52303_STOP -> Z_52532_STOP -> Z_52262_STOP -> Z_53007_STOP -> Z_52263_STOP -> Z_52313_STOP,41
6,Z_51305_STOP,Z_51305_STOP,Z_54632_STOP,Z_54632_STOP,Z_51305_STOP -> Z_51279_STOP -> Z_51358_STOP -> Z_51355_STOP -> Z_51465_STOP -> Z_51352_STOP -> Z_51349_STOP -> Z_51346_STOP -> Z_53144_STOP -> Z_52358_STOP -> Z_52734_STOP -> Z_52421_STOP -> Z_52268_STOP -> Z_52267_STOP -> Z_52925_STOP -> Z_52309_STOP -> Z_52639_STOP -> Z_53720_STOP -> Z_53719_STOP -> Z_54430_STOP -> Z_54406_STOP -> Z_54401_STOP -> Z_53715_STOP -> Z_53755_STOP -> Z_53758_STOP -> Z_54647_STOP -> Z_54645_STOP -> Z_54319_STOP -> Z_54632_STOP,inf
28,Z_51195_STOP,Z_51195_STOP,Z_54513_STOP,Z_54513_STOP,Z_51195_STOP -> Z_52068_STOP -> Z_51344_STOP -> Z_51261_STOP -> Z_51342_STOP -> Z_51259_STOP -> Z_51081_STOP -> Z_52530_STOP -> Z_51069_STOP -> Z_51178_STOP -> Z_54722_STOP -> Z_54455_STOP -> Z_54687_STOP -> Z_54301_STOP -> Z_54292_STOP -> Z_54288_STOP -> Z_54304_STOP -> Z_54684_STOP -> Z_55845_STOP -> Z_55846_STOP -> Z_54662_STOP -> Z_54663_STOP -> Z_55111_STOP -> Z_54664_STOP -> Z_55004_STOP -> Z_54682_STOP -> Z_55003_STOP -> Z_54671_STOP -> Z_54673_STOP -> Z_55114_STOP -> Z_54527_STOP -> Z_54513_STOP,inf
59,Z_51863_STOP,Z_51863_STOP,Z_52313_STOP,Z_52313_STOP,Z_51863_STOP -> Z_51862_STOP -> Z_51837_STOP -> Z_52151_STOP -> Z_51089_STOP -> Z_51118_STOP -> Z_52303_STOP -> Z_52532_STOP -> Z_52262_STOP -> Z_53007_STOP -> Z_52263_STOP -> Z_52313_STOP,41
22,Z_51195_STOP,Z_51195_STOP,Z_54513_STOP,Z_54513_STOP,Z_51195_STOP -> Z_52068_STOP -> Z_51344_STOP -> Z_51261_STOP -> Z_51342_STOP -> Z_51259_STOP -> Z_51081_STOP -> Z_52530_STOP -> Z_51069_STOP -> Z_51178_STOP -> Z_54722_STOP -> Z_54455_STOP -> Z_54687_STOP -> Z_54301_STOP -> Z_54292_STOP -> Z_54288_STOP -> Z_54304_STOP -> Z_54684_STOP -> Z_55845_STOP -> Z_55846_STOP -> Z_54662_STOP -> Z_54663_STOP -> Z_55111_STOP -> Z_54664_STOP -> Z_55004_STOP -> Z_54682_STOP -> Z_55003_STOP -> Z_54671_STOP -> Z_54673_STOP -> Z_55114_STOP -> Z_54527_STOP -> Z_54513_STOP,inf
13,Z_51305_STOP,Z_51305_STOP,Z_54632_STOP,Z_54632_STOP,Z_51305_STOP -> Z_51279_STOP -> Z_51358_STOP -> Z_51355_STOP -> Z_51465_STOP -> Z_51352_STOP -> Z_51349_STOP -> Z_51346_STOP -> Z_53144_STOP -> Z_52358_STOP -> Z_52734_STOP -> Z_52421_STOP -> Z_52268_STOP -> Z_52267_STOP -> Z_52925_STOP -> Z_52309_STOP -> Z_52639_STOP -> Z_53720_STOP -> Z_53719_STOP -> Z_54430_STOP -> Z_54406_STOP -> Z_54401_STOP -> Z_53715_STOP -> Z_53755_STOP -> Z_53758_STOP -> Z_54647_STOP -> Z_54645_STOP -> Z_54319_STOP -> Z_54632_STOP,inf
36,Z_51195_STOP,Z_51195_STOP,Z_54513_STOP,Z_54513_STOP,Z_51195_STOP -> Z_52068_STOP -> Z_51344_STOP -> Z_51261_STOP -> Z_51342_STOP -> Z_51259_STOP -> Z_51081_STOP -> Z_52530_STOP -> Z_51069_STOP -> Z_51178_STOP -> Z_54722_STOP -> Z_54455_STOP -> Z_54687_STOP -> Z_54301_STOP -> Z_54292_STOP -> Z_54288_STOP -> Z_54304_STOP -> Z_54684_STOP -> Z_55845_STOP -> Z_55846_STOP -> Z_54662_STOP -> Z_54663_STOP -> Z_55111_STOP -> Z_54664_STOP -> Z_55004_STOP -> Z_54682_STOP -> Z_55003_STOP -> Z_54671_STOP -> Z_54673_STOP -> Z_55114_STOP -> Z_54527_STOP -> Z_54513_STOP,inf
49,Z_51863_STOP,Z_51863_STOP,Z_52313_STOP,Z_52313_STOP,Z_51863_STOP -> Z_51862_STOP -> Z_51837_STOP -> Z_52151_STOP -> Z_51089_STOP -> Z_51118_STOP -> Z_52303_STOP -> Z_52532_STOP -> Z_52262_STOP -> Z_53007_STOP -> Z_52263_STOP -> Z_52313_STOP,41
43,Z_51863_STOP,Z_51863_STOP,Z_52313_STOP,Z_52313_STOP,Z_51863_STOP -> Z_51862_STOP -> Z_51837_STOP -> Z_52151_STOP -> Z_51089_STOP -> Z_51118_STOP -> Z_52303_STOP -> Z_52532_STOP -> Z_52262_STOP -> Z_53007_STOP -> Z_52263_STOP -> Z_52313_STOP,inf
15,Z_51305_STOP,Z_51305_STOP,Z_54632_STOP,Z_54632_STOP,Z_51305_STOP -> Z_51279_STOP -> Z_51358_STOP -> Z_51355_STOP -> Z_51465_STOP -> Z_51352_STOP -> Z_51349_STOP -> Z_51346_STOP -> Z_53144_STOP -> Z_52358_STOP -> Z_52734_STOP -> Z_52421_STOP -> Z_52268_STOP -> Z_52267_STOP -> Z_52925_STOP -> Z_52309_STOP -> Z_52639_STOP -> Z_53720_STOP -> Z_53719_STOP -> Z_54430_STOP -> Z_54406_STOP -> Z_54401_STOP -> Z_53715_STOP -> Z_53755_STOP -> Z_53758_STOP -> Z_54647_STOP -> Z_54645_STOP -> Z_54319_STOP -> Z_54632_STOP,inf
47,Z_51863_STOP,Z_51863_STOP,Z_52313_STOP,Z_52313_STOP,Z_51863_STOP -> Z_51862_STOP -> Z_51837_STOP -> Z_52151_STOP -> Z_51089_STOP -> Z_51118_STOP -> Z_52303_STOP -> Z_52532_STOP -> Z_52262_STOP -> Z_53007_STOP -> Z_52263_STOP -> Z_52313_STOP,inf
1,Z_51305_STOP,Z_51305_STOP,Z_54632_STOP,Z_54632_STOP,Z_51305_STOP -> Z_51279_STOP -> Z_51358_STOP -> Z_51355_STOP -> Z_51465_STOP -> Z_51352_STOP -> Z_51349_STOP -> Z_51346_STOP -> Z_53144_STOP -> Z_52358_STOP -> Z_52734_STOP -> Z_52421_STOP -> Z_52268_STOP -> Z_52267_STOP -> Z_52925_STOP -> Z_52309_STOP -> Z_52639_STOP -> Z_53720_STOP -> Z_53719_STOP -> Z_54430_STOP -> Z_54406_STOP -> Z_54401_STOP -> Z_53715_STOP -> Z_53755_STOP -> Z_53758_STOP -> Z_54647_STOP -> Z_54645_STOP -> Z_54319_STOP -> Z_54632_STOP,inf
9,Z_51305_STOP,Z_51305_STOP,Z_54632_STOP,Z_54632_STOP,Z_51305_STOP -> Z_51279_STOP -> Z_51358_STOP -> Z_51355_STOP -> Z_51465_STOP -> Z_51352_STOP -> Z_51349_STOP -> Z_51346_STOP -> Z_53144_STOP -> Z_52358_STOP -> Z_52734_STOP -> Z_52421_STOP -> Z_52268_STOP -> Z_52267_STOP -> Z_52925_STOP -> Z_52309_STOP -> Z_52639_STOP -> Z_53720_STOP -> Z_53719_STOP -> Z_54430_STOP -> Z_54406_STOP -> Z_54401_STOP -> Z_53715_STOP -> Z_53755_STOP -> Z_53758_STOP -> Z_54647_STOP -> Z_54645_STOP -> Z_54319_STOP -> Z_54632_STOP,inf
4,Z_51305_STOP,Z_51305_STOP,Z_54632_STOP,Z_54632_STOP,Z_51305_STOP -> Z_51279_STOP -> Z_51358_STOP -> Z_51355_STOP -> Z_51465_STOP -> Z_51352_STOP -> Z_51349_STOP -> Z_51346_STOP -> Z_53144_STOP -> Z_52358_STOP -> Z_52734_STOP -> Z_52421_STOP -> Z_52268_STOP -> Z_52267_STOP -> Z_52925_STOP -> Z_52309_STOP -> Z_52639_STOP -> Z_53720_STOP -> Z_53719_STOP -> Z_54430_STOP -> Z_54406_STOP -> Z_54401_STOP -> Z_53715_STOP -> Z_53755_STOP -> Z_53758_STOP -> Z_54647_STOP -> Z_54645_STOP -> Z_54319_STOP -> Z_54632_STOP,inf
48,Z_51863_STOP,Z_51863_STOP,Z_52313_STOP,Z_52313_STOP,Z_51863_STOP -> Z_51862_STOP -> Z_51837_STOP -> Z_52151_STOP -> Z_51089_STOP -> Z_51118_STOP -> Z_52303_STOP -> Z_52532_STOP -> Z_52262_STOP -> Z_53007_STOP -> Z_52263_STOP -> Z_52313_STOP,inf
56,Z_51863_STOP,Z_51863_STOP,Z_52313_STOP,Z_52313_STOP,Z_51863_STOP -> Z_51862_STOP -> Z_51837_STOP -> Z_52151_STOP -> Z_51089_STOP -> Z_51118_STOP -> Z_52303_STOP -> Z_52532_STOP -> Z_52262_STOP -> Z_53007_STOP -> Z_52263_STOP -> Z_52313_STOP,inf
14,Z_51305_STOP,Z_51305_STOP,Z_54632_STOP,Z_54632_STOP,Z_51305_STOP -> Z_51279_STOP -> Z_51358_STOP -> Z_51355_STOP -> Z_51465_STOP -> Z_51352_STOP -> Z_51349_STOP -> Z_51346_STOP -> Z_53144_STOP -> Z_52358_STOP -> Z_52734_STOP -> Z_52421_STOP -> Z_52268_STOP -> Z_52267_STOP -> Z_52925_STOP -> Z_52309_STOP -> Z_52639_STOP -> Z_53720_STOP -> Z_53719_STOP -> Z_54430_STOP -> Z_54406_STOP -> Z_54401_STOP -> Z_53715_STOP -> Z_53755_STOP -> Z_53758_STOP -> Z_54647_STOP -> Z_54645_STOP -> Z_54319_STOP -> Z_54632_STOP,inf
44,Z_51863_STOP,Z_51863_STOP,Z_52313_STOP,Z_52313_STOP,Z_51863_STOP -> Z_51862_STOP -> Z_51837_STOP -> Z_52151_STOP -> Z_51089_STOP -> Z_51118_STOP -> Z_52303_STOP -> Z_52532_STOP -> Z_52262_STOP -> Z_53007_STOP -> Z_52263_STOP -> Z_52313_STOP,inf
55,Z_51863_STOP,Z_51863_STOP,Z_52313_STOP,Z_52313_STOP,Z_51863_STOP -> Z_51862_STOP -> Z_51837_STOP -> Z_52151_STOP -> Z_51089_STOP -> Z_51118_STOP -> Z_52303_STOP -> Z_52532_STOP -> Z_52262_STOP -> Z_53007_STOP -> Z_52263_STOP -> Z_52313_STOP,inf
8,Z_51305_STOP,Z_51305_STOP,Z_54632_STOP,Z_54632_STOP,Z_51305_STOP -> Z_51279_STOP -> Z_51358_STOP -> Z_51355_STOP -> Z_51465_STOP -> Z_51352_STOP -> Z_51349_STOP -> Z_51346_STOP -> Z_53144_STOP -> Z_52358_STOP -> Z_52734_STOP -> Z_52421_STOP -> Z_52268_STOP -> Z_52267_STOP -> Z_52925_STOP -> Z_52309_STOP -> Z_52639_STOP -> Z_53720_STOP -> Z_53719_STOP -> Z_54430_STOP -> Z_54406_STOP -> Z_54401_STOP -> Z_53715_STOP -> Z_53755_STOP -> Z_53758_STOP -> Z_54647_STOP -> Z_54645_STOP -> Z_54319_STOP -> Z_54632_STOP,inf
7,Z_51305_STOP,Z_51305_STOP,Z_54632_STOP,Z_54632_STOP,Z_51305_STOP -> Z_51279_STOP -> Z_51358_STOP -> Z_51355_STOP -> Z_51465_STOP -> Z_51352_STOP -> Z_51349_STOP -> Z_51346_STOP -> Z_53144_STOP -> Z_52358_STOP -> Z_52734_STOP -> Z_52421_STOP -> Z_52268_STOP -> Z_52267_STOP -> Z_52925_STOP -> Z_52309_STOP -> Z_52639_STOP -> Z_53720_STOP -> Z_53719_STOP -> Z_54430_STOP -> Z_54406_STOP -> Z_54401_STOP -> Z_53715_STOP -> Z_53755_STOP -> Z_53758_STOP -> Z_54647_STOP -> Z_54645_STOP -> Z_54319_STOP -> Z_54632_STOP,inf
20,Z_51195_STOP,Z_51195_STOP,Z_54513_STOP,Z_54513_STOP,Z_51195_STOP -> Z_52068_STOP -> Z_51344_STOP -> Z_51261_STOP -> Z_51342_STOP -> Z_51259_STOP -> Z_51081_STOP -> Z_52530_STOP -> Z_51069_STOP -> Z_51178_STOP -> Z_54722_STOP -> Z_54455_STOP -> Z_54687_STOP -> Z_54301_STOP -> Z_54292_STOP -> Z_54288_STOP -> Z_54304_STOP -> Z_54684_STOP -> Z_55845_STOP -> Z_55846_STOP -> Z_54662_STOP -> Z_54663_STOP -> Z_55111_STOP -> Z_54664_STOP -> Z_55004_STOP -> Z_54682_STOP -> Z_55003_STOP -> Z_54671_STOP -> Z_54673_STOP -> Z_55114_STOP -> Z_54527_STOP -> Z_54513_STOP,inf
58,Z_51863_STOP,Z_51863_STOP,Z_52313_STOP,Z_52313_STOP,Z_51863_STOP -> Z_51862_STOP -> Z_51837_STOP -> Z_52151_STOP -> Z_51089_STOP -> Z_51118_STOP -> Z_52303_STOP -> Z_52532_STOP -> Z_52262_STOP -> Z_53007_STOP -> Z_52263_STOP -> Z_52313_STOP,inf
30,Z_51195_STOP,Z_51195_STOP,Z_54513_STOP,Z_54513_STOP,Z_51195_STOP -> Z_52068_STOP -> Z_51344_STOP -> Z_51261_STOP -> Z_51342_STOP -> Z_51259_STOP -> Z_51081_STOP -> Z_52530_STOP -> Z_51069_STOP -> Z_51178_STOP -> Z_54722_STOP -> Z_54455_STOP -> Z_54687_STOP -> Z_54301_STOP -> Z_54292_STOP -> Z_54288_STOP -> Z_54304_STOP -> Z_54684_STOP -> Z_55845_STOP -> Z_55846_STOP -> Z_54662_STOP -> Z_54663_STOP -> Z_55111_STOP -> Z_54664_STOP -> Z_55004_STOP -> Z_54682_STOP -> Z_55003_STOP -> Z_54671_STOP -> Z_54673_STOP -> Z_55114_STOP -> Z_54527_STOP -> Z_54513_STOP,inf
45,Z_51863_STOP,Z_51863_STOP,Z_52313_STOP,Z_52313_STOP,Z_51863_STOP -> Z_51862_STOP -> Z_51837_STOP -> Z_52151_STOP -> Z_51089_STOP -> Z_51118_STOP -> Z_52303_STOP -> Z_52532_STOP -> Z_52262_STOP -> Z_53007_STOP -> Z_52263_STOP -> Z_52313_STOP,inf
54,Z_51863_STOP,Z_51863_STOP,Z_52313_STOP,Z_52313_STOP,Z_51863_STOP -> Z_51862_STOP -> Z_51837_STOP -> Z_52151_STOP -> Z_51089_STOP -> Z_51118_STOP -> Z_52303_STOP -> Z_52532_STOP -> Z_52262_STOP -> Z_53007_STOP -> Z_52263_STOP -> Z_52313_STOP,inf
16,Z_51305_STOP,Z_51305_STOP,Z_54632_STOP,Z_54632_STOP,Z_51305_STOP -> Z_51279_STOP -> Z_51358_STOP -> Z_51355_STOP -> Z_51465_STOP -> Z_51352_STOP -> Z_51349_STOP -> Z_51346_STOP -> Z_53144_STOP -> Z_52358_STOP -> Z_52734_STOP -> Z_52421_STOP -> Z_52268_STOP -> Z_52267_STOP -> Z_52925_STOP -> Z_52309_STOP -> Z_52639_STOP -> Z_53720_STOP -> Z_53719_STOP -> Z_54430_STOP -> Z_54406_STOP -> Z_54401_STOP -> Z_53715_STOP -> Z_53755_STOP -> Z_53758_STOP -> Z_54647_STOP -> Z_54645_STOP -> Z_54319_STOP -> Z_54632_STOP,inf
33,Z_51195_STOP,Z_51195_STOP,Z_54513_STOP,Z_54513_STOP,Z_51195_STOP -> Z_52068_STOP -> Z_51344_STOP -> Z_51261_STOP -> Z_51342_STOP -> Z_51259_STOP -> Z_51081_STOP -> Z_52530_STOP -> Z_51069_STOP -> Z_51178_STOP -> Z_54722_STOP -> Z_54455_STOP -> Z_54687_STOP -> Z_54301_STOP -> Z_54292_STOP -> Z_54288_STOP -> Z_54304_STOP -> Z_54684_STOP -> Z_55845_STOP -> Z_55846_STOP -> Z_54662_STOP -> Z_54663_STOP -> Z_55111_STOP -> Z_54664_STOP -> Z_55004_STOP -> Z_54682_STOP -> Z_55003_STOP -> Z_54671_STOP -> Z_54673_STOP -> Z_55114_STOP -> Z_54527_STOP -> Z_54513_STOP,inf
26,Z_51195_STOP,Z_51195_STOP,Z_54513_STOP,Z_54513_STOP,Z_51195_STOP -> Z_52068_STOP -> Z_51344_STOP -> Z_51261_STOP -> Z_51342_STOP -> Z_51259_STOP -> Z_51081_STOP -> Z_52530_STOP -> Z_51069_STOP -> Z_51178_STOP -> Z_54722_STOP -> Z_54455_STOP -> Z_54687_STOP -> Z_54301_STOP -> Z_54292_STOP -> Z_54288_STOP -> Z_54304_STOP -> Z_54684_STOP -> Z_55845_STOP -> Z_55846_STOP -> Z_54662_STOP -> Z_54663_STOP -> Z_55111_STOP -> Z_54664_STOP -> Z_55004_STOP -> Z_54682_STOP -> Z_55003_STOP -> Z_54671_STOP -> Z_54673_STOP -> Z_55114_STOP -> Z_54527_STOP -> Z_54513_STOP,inf
50,Z_51863_STOP,Z_51863_STOP,Z_52313_STOP,Z_52313_STOP,Z_51863_STOP -> Z_51862_STOP -> Z_51837_STOP -> Z_52151_STOP -> Z_51089_STOP -> Z_51118_STOP -> Z_52303_STOP -> Z_52532_STOP -> Z_52262_STOP -> Z_53007_STOP -> Z_52263_STOP -> Z_52313_STOP,inf
51,Z_51863_STOP,Z_51863_STOP,Z_52313_STOP,Z_52313_STOP,Z_51863_STOP -> Z_51862_STOP -> Z_51837_STOP -> Z_52151_STOP -> Z_51089_STOP -> Z_51118_STOP -> Z_52303_STOP -> Z_52532_STOP -> Z_52262_STOP -> Z_53007_STOP -> Z_52263_STOP -> Z_52313_STOP,inf
42,Z_51863_STOP,Z_51863_STOP,Z_52313_STOP,Z_52313_STOP,Z_51863_STOP -> Z_51862_STOP -> Z_51837_STOP -> Z_52151_STOP -> Z_51089_STOP -> Z_51118_STOP -> Z_52303_STOP -> Z_52532_STOP -> Z_52262_STOP -> Z_53007_STOP -> Z_52263_STOP -> Z_52313_STOP,inf
31,Z_51195_STOP,Z_51195_STOP,Z_54513_STOP,Z_54513_STOP,Z_51195_STOP -> Z_52068_STOP -> Z_51344_STOP -> Z_51261_STOP -> Z_51342_STOP -> Z_51259_STOP -> Z_51081_STOP -> Z_52530_STOP -> Z_51069_STOP -> Z_51178_STOP -> Z_54722_STOP -> Z_54455_STOP -> Z_54687_STOP -> Z_54301_STOP -> Z_54292_STOP -> Z_54288_STOP -> Z_54304_STOP -> Z_54684_STOP -> Z_55845_STOP -> Z_55846_STOP -> Z_54662_STOP -> Z_54663_STOP -> Z_55111_STOP -> Z_54664_STOP -> Z_55004_STOP -> Z_54682_STOP -> Z_55003_STOP -> Z_54671_STOP -> Z_54673_STOP -> Z_55114_STOP -> Z_54527_STOP -> Z_54513_STOP,inf
38,Z_51195_STOP,Z_51195_STOP,Z_54513_STOP,Z_54513_STOP,Z_51195_STOP -> Z_52068_STOP -> Z_51344_STOP -> Z_51261_STOP -> Z_51342_STOP -> Z_51259_STOP -> Z_51081_STOP -> Z_52530_STOP -> Z_51069_STOP -> Z_51178_STOP -> Z_54722_STOP -> Z_54455_STOP -> Z_54687_STOP -> Z_54301_STOP -> Z_54292_STOP -> Z_54288_STOP -> Z_54304_STOP -> Z_54684_STOP -> Z_55845_STOP -> Z_55846_STOP -> Z_54662_STOP -> Z_54663_STOP -> Z_55111_STOP -> Z_54664_STOP -> Z_55004_STOP -> Z_54682_STOP -> Z_55003_STOP -> Z_54671_STOP -> Z_54673_STOP -> Z_55114_STOP -> Z_54527_STOP -> Z_54513_STOP,inf
2,Z_51305_STOP,Z_51305_STOP,Z_54632_STOP,Z_54632_STOP,Z_51305_STOP -> Z_51279_STOP -> Z_51358_STOP -> Z_51355_STOP -> Z_51465_STOP -> Z_51352_STOP -> Z_51349_STOP -> Z_51346_STOP -> Z_53144_STOP -> Z_52358_STOP -> Z_52734_STOP -> Z_52421_STOP -> Z_52268_STOP -> Z_52267_STOP -> Z_52925_STOP -> Z_52309_STOP -> Z_52639_STOP -> Z_53720_STOP -> Z_53719_STOP -> Z_54430_STOP -> Z_54406_STOP -> Z_54401_STOP -> Z_53715_STOP -> Z_53755_STOP -> Z_53758_STOP -> Z_54647_STOP -> Z_54645_STOP -> Z_54319_STOP -> Z_54632_STOP,inf
24,Z_51195_STOP,Z_51195_STOP,Z_54513_STOP,Z_54513_STOP,Z_51195_STOP -> Z_52068_STOP -> Z_51344_STOP -> Z_51261_STOP -> Z_51342_STOP -> Z_51259_STOP -> Z_51081_STOP -> Z_52530_STOP -> Z_51069_STOP -> Z_51178_STOP -> Z_54722_STOP -> Z_54455_STOP -> Z_54687_STOP -> Z_54301_STOP -> Z_54292_STOP -> Z_54288_STOP -> Z_54304_STOP -> Z_54684_STOP -> Z_55845_STOP -> Z_55846_STOP -> Z_54662_STOP -> Z_54663_STOP -> Z_55111_STOP -> Z_54664_STOP -> Z_55004_STOP -> Z_54682_STOP -> Z_55003_STOP -> Z_54671_STOP -> Z_54673_STOP -> Z_55114_STOP -> Z_54527_STOP -> Z_54513_STOP,inf
11,Z_51305_STOP,Z_51305_STOP,Z_54632_STOP,Z_54632_STOP,Z_51305_STOP -> Z_51279_STOP -> Z_51358_STOP -> Z_51355_STOP -> Z_51465_STOP -> Z_51352_STOP -> Z_51349_STOP -> Z_51346_STOP -> Z_53144_STOP -> Z_52358_STOP -> Z_52734_STOP -> Z_52421_STOP -> Z_52268_STOP -> Z_52267_STOP -> Z_52925_STOP -> Z_52309_STOP -> Z_52639_STOP -> Z_53720_STOP -> Z_53719_STOP -> Z_54430_STOP -> Z_54406_STOP -> Z_54401_STOP -> Z_53715_STOP -> Z_53755_STOP -> Z_53758_STOP -> Z_54647_STOP -> Z_54645_STOP -> Z_54319_STOP -> Z_54632_STOP,inf
27,Z_51195_STOP,Z_51195_STOP,Z_54513_STOP,Z_54513_STOP,Z_51195_STOP -> Z_52068_STOP -> Z_51344_STOP -> Z_51261_STOP -> Z_51342_STOP -> Z_51259_STOP -> Z_51081_STOP -> Z_52530_STOP -> Z_51069_STOP -> Z_51178_STOP -> Z_54722_STOP -> Z_54455_STOP -> Z_54687_STOP -> Z_54301_STOP -> Z_54292_STOP -> Z_54288_STOP -> Z_54304_STOP -> Z_54684_STOP -> Z_55845_STOP -> Z_55846_STOP -> Z_54662_STOP -> Z_54663_STOP -> Z_55111_STOP -> Z_54664_STOP -> Z_55004_STOP -> Z_54682_STOP -> Z_55003_STOP -> Z_54671_STOP -> Z_54673_STOP -> Z_55114_STOP -> Z_54527_STOP -> Z_54513_STOP,inf
32,Z_51195_STOP,Z_51195_STOP,Z_54513_STOP,Z_54513_STOP,Z_51195_STOP -> Z_52068_STOP -> Z_51344_STOP -> Z_51261_STOP -> Z_51342_STOP -> Z_51259_STOP -> Z_51081_STOP -> Z_52530_STOP -> Z_51069_STOP -> Z_51178_STOP -> Z_54722_STOP -> Z_54455_STOP -> Z_54687_STOP -> Z_54301_STOP -> Z_54292_STOP -> Z_54288_STOP -> Z_54304_STOP -> Z_54684_STOP -> Z_55845_STOP -> Z_55846_STOP -> Z_54662_STOP -> Z_54663_STOP -> Z_55111_STOP -> Z_54664_STOP -> Z_55004_STOP -> Z_54682_STOP -> Z_55003_STOP -> Z_54671_STOP -> Z_54673_STOP -> Z_55114_STOP -> Z_54527_STOP -> Z_54513_STOP,inf
12,Z_51305_STOP,Z_51305_STOP,Z_54632_STOP,Z_54632_STOP,Z_51305_STOP -> Z_51279_STOP -> Z_51358_STOP -> Z_51355_STOP -> Z_51465_STOP -> Z_51352_STOP -> Z_51349_STOP -> Z_51346_STOP -> Z_53144_STOP -> Z_52358_STOP -> Z_52734_STOP -> Z_52421_STOP -> Z_52268_STOP -> Z_52267_STOP -> Z_52925_STOP -> Z_52309_STOP -> Z_52639_STOP -> Z_53720_STOP -> Z_53719_STOP -> Z_54430_STOP -> Z_54406_STOP -> Z_54401_STOP -> Z_53715_STOP -> Z_53755_STOP -> Z_53758_STOP -> Z_54647_STOP -> Z_54645_STOP -> Z_54319_STOP -> Z_54632_STOP,inf
0,Z_51305_STOP,Z_51305_STOP,Z_54632_STOP,Z_54632_STOP,Z_51305_STOP -> Z_51279_STOP -> Z_51358_STOP -> Z_51355_STOP -> Z_51465_STOP -> Z_51352_STOP -> Z_51349_STOP -> Z_51346_STOP -> Z_53144_STOP -> Z_52358_STOP -> Z_52734_STOP -> Z_52421_STOP -> Z_52268_STOP -> Z_52267_STOP -> Z_52925_STOP -> Z_52309_STOP -> Z_52639_STOP -> Z_53720_STOP -> Z_53719_STOP -> Z_54430_STOP -> Z_54406_STOP -> Z_54401_STOP -> Z_53715_STOP -> Z_53755_STOP -> Z_53758_STOP -> Z_54647_STOP -> Z_54645_STOP -> Z_54319_STOP -> Z_54632_STOP,inf
41,Z_51863_STOP,Z_51863_STOP,Z_52313_STOP,Z_52313_STOP,Z_51863_STOP -> Z_51862_STOP -> Z_51837_STOP -> Z_52151_STOP -> Z_51089_STOP -> Z_51118_STOP -> Z_52303_STOP -> Z_52532_STOP -> Z_52262_STOP -> Z_53007_STOP -> Z_52263_STOP -> Z_52313_STOP,inf
57,Z_51863_STOP,Z_51863_STOP,Z_52313_STOP,Z_52313_STOP,Z_51863_STOP -> Z_51862_STOP -> Z_51837_STOP -> Z_52151_STOP -> Z_51089_STOP -> Z_51118_STOP -> Z_52303_STOP -> Z_52532_STOP -> Z_52262_STOP -> Z_53007_STOP -> Z_52263_STOP -> Z_52313_STOP,inf
3,Z_51305_STOP,Z_51305_STOP,Z_54632_STOP,Z_54632_STOP,Z_51305_STOP -> Z_51279_STOP -> Z_51358_STOP -> Z_51355_STOP -> Z_51465_STOP -> Z_51352_STOP -> Z_51349_STOP -> Z_51346_STOP -> Z_53144_STOP -> Z_52358_STOP -> Z_52734_STOP -> Z_52421_STOP -> Z_52268_STOP -> Z_52267_STOP -> Z_52925_STOP -> Z_52309_STOP -> Z_52639_STOP -> Z_53720_STOP -> Z_53719_STOP -> Z_54430_STOP -> Z_54406_STOP -> Z_54401_STOP -> Z_53715_STOP -> Z_53755_STOP -> Z_53758_STOP -> Z_54647_STOP -> Z_54645_STOP -> Z_54319_STOP -> Z_54632_STOP,inf
17,Z_51305_STOP,Z_51305_STOP,Z_54632_STOP,Z_54632_STOP,Z_51305_STOP -> Z_51279_STOP -> Z_51358_STOP -> Z_51355_STOP -> Z_51465_STOP -> Z_51352_STOP -> Z_51349_STOP -> Z_51346_STOP -> Z_53144_STOP -> Z_52358_STOP -> Z_52734_STOP -> Z_52421_STOP -> Z_52268_STOP -> Z_52267_STOP -> Z_52925_STOP -> Z_52309_STOP -> Z_52639_STOP -> Z_53720_STOP -> Z_53719_STOP -> Z_54430_STOP -> Z_54406_STOP -> Z_54401_STOP -> Z_53715_STOP -> Z_53755_STOP -> Z_53758_STOP -> Z_54647_STOP -> Z_54645_STOP -> Z_54319_STOP -> Z_54632_STOP,inf
34,Z_51195_STOP,Z_51195_STOP,Z_54513_STOP,Z_54513_STOP,Z_51195_STOP -> Z_52068_STOP -> Z_51344_STOP -> Z_51261_STOP -> Z_51342_STOP -> Z_51259_STOP -> Z_51081_STOP -> Z_52530_STOP -> Z_51069_STOP -> Z_51178_STOP -> Z_54722_STOP -> Z_54455_STOP -> Z_54687_STOP -> Z_54301_STOP -> Z_54292_STOP -> Z_54288_STOP -> Z_54304_STOP -> Z_54684_STOP -> Z_55845_STOP -> Z_55846_STOP -> Z_54662_STOP -> Z_54663_STOP -> Z_55111_STOP -> Z_54664_STOP -> Z_55004_STOP -> Z_54682_STOP -> Z_55003_STOP -> Z_54671_STOP -> Z_54673_STOP -> Z_55114_STOP -> Z_54527_STOP -> Z_54513_STOP,inf
40,Z_51863_STOP,Z_51863_STOP,Z_52313_STOP,Z_52313_STOP,Z_51863_STOP -> Z_51862_STOP -> Z_51837_STOP -> Z_52151_STOP -> Z_51089_STOP -> Z_51118_STOP -> Z_52303_STOP -> Z_52532_STOP -> Z_52262_STOP -> Z_53007_STOP -> Z_52263_STOP -> Z_52313_STOP,inf
10,Z_51305_STOP,Z_51305_STOP,Z_54632_STOP,Z_54632_STOP,Z_51305_STOP -> Z_51279_STOP -> Z_51358_STOP -> Z_51355_STOP -> Z_51465_STOP -> Z_51352_STOP -> Z_51349_STOP -> Z_51346_STOP -> Z_53144_STOP -> Z_52358_STOP -> Z_52734_STOP -> Z_52421_STOP -> Z_52268_STOP -> Z_52267_STOP -> Z_52925_STOP -> Z_52309_STOP -> Z_52639_STOP -> Z_53720_STOP -> Z_53719_STOP -> Z_54430_STOP -> Z_54406_STOP -> Z_54401_STOP -> Z_53715_STOP -> Z_53755_STOP -> Z_53758_STOP -> Z_54647_STOP -> Z_54645_STOP -> Z_54319_STOP -> Z_54632_STOP,inf
18,Z_51305_STOP,Z_51305_STOP,Z_54632_STOP,Z_54632_STOP,Z_51305_STOP -> Z_51279_STOP -> Z_51358_STOP -> Z_51355_STOP -> Z_51465_STOP -> Z_51352_STOP -> Z_51349_STOP -> Z_51346_STOP -> Z_53144_STOP -> Z_52358_STOP -> Z_52734_STOP -> Z_52421_STOP -> Z_52268_STOP -> Z_52267_STOP -> Z_52925_STOP -> Z_52309_STOP -> Z_52639_STOP -> Z_53720_STOP -> Z_53719_STOP -> Z_54430_STOP -> Z_54406_STOP -> Z_54401_STOP -> Z_53715_STOP -> Z_53755_STOP -> Z_53758_STOP -> Z_54647_STOP -> Z_54645_STOP -> Z_54319_STOP -> Z_54632_STOP,inf
29,Z_51195_STOP,Z_51195_STOP,Z_54513_STOP,Z_54513_STOP,Z_51195_STOP -> Z_52068_STOP -> Z_51344_STOP -> Z_51261_STOP -> Z_51342_STOP -> Z_51259_STOP -> Z_51081_STOP -> Z_52530_STOP -> Z_51069_STOP -> Z_51178_STOP -> Z_54722_STOP -> Z_54455_STOP -> Z_54687_STOP -> Z_54301_STOP -> Z_54292_STOP -> Z_54288_STOP -> Z_54304_STOP -> Z_54684_STOP -> Z_55845_STOP -> Z_55846_STOP -> Z_54662_STOP -> Z_54663_STOP -> Z_55111_STOP -> Z_54664_STOP -> Z_55004_STOP -> Z_54682_STOP -> Z_55003_STOP -> Z_54671_STOP -> Z_54673_STOP -> Z_55114_STOP -> Z_54527_STOP -> Z_54513_STOP,inf
52,Z_51863_STOP,Z_51863_STOP,Z_52313_STOP,Z_52313_STOP,Z_51863_STOP -> Z_51862_STOP -> Z_51837_STOP -> Z_52151_STOP -> Z_51089_STOP -> Z_51118_STOP -> Z_52303_STOP -> Z_52532_STOP -> Z_52262_STOP -> Z_53007_STOP -> Z_52263_STOP -> Z_52313_STOP,inf
